{"indexes":[{"v":{"$numberInt":"2"},"key":{"_id":{"$numberInt":"1"}},"name":"_id_","ns":"ztbd120093.studenci"},{"v":{"$numberInt":"2"},"unique":true,"key":{"NIU":{"$numberDouble":"1.0"}},"name":"NIU_1","ns":"ztbd120093.studenci"},{"v":{"$numberInt":"2"},"unique":true,"key":{"first_name":{"$numberDouble":"1.0"},"last_name":{"$numberDouble":"1.0"}},"name":"first_name_1_last_name_1","ns":"ztbd120093.studenci"}],"uuid":"7091d88a4b94445ea09b7e5b0903214e","collectionName":"studenci","type":"collection"}